,clc_age,diabx,fmh_15,hwmdbmi
clc_age,1,0.283605905,0.074400391,0.134325155
diabx,0.283605905,1,0.062663858,0.202230854
fmh_15,0.074400391,0.062663858,1,0.082001048
hwmdbmi,0.134325155,0.202230854,0.082001048,1
