,clc_age,diabx,fmh_15,hwmdbmi
clc_age,1,0.215468996,0.121756532,0.116387181
diabx,0.215468996,1,0.054309879,0.227165281
fmh_15,0.121756532,0.054309879,1,0.079654225
hwmdbmi,0.116387181,0.227165281,0.079654225,1
